A,t,B,t,C,t,D,t,E,t,Dn,t,P,t,Q,t,V,t,Y,t,b,t,d,t,i,t,m,t,q,t,4,t,5,t,7,t,9,t,AD,t,AF,t,AG,t,AJ,t,Do,t,AS,t,AV,t,Ab,t,Dp,t,Dq,t,Ag,t,Ak,t,Ao,t,Ar,t,Av,t,Ax,t,Ay,t,Az,t,A1,t,A3,t,Dr,t,A7,t,BC,t,BE,t,BM,t,BN,t,BR,t,BV,t,BW,t,Bb,t,Be,t,Dt,t,Bh,t,Bo,t,Br,t,Bt,t,Bv,t,Bx,t,B0,t,B7,t,B8,t,CB,t,CF,t,CG,t,CH,t,CK,t,CP,t,CS,t,CT,t,CZ,t,Cb,t,Ce,t,Cg,t,Du,t,Cq,t,Cs,t,Cz,t,C1,t,C4,t,C5,t,C8,t,C9,t,DA,t,DD,t,DE,t,DF,t,DJ,t,DK,t,Dv,t,DN,t,DP,t,DU,t,DV,t,DW,t,Dw,t,DZ,t,Db,t,Dh,t,Dx,t,Dj,t,Dm,t
112945,1,0,1,0,1,0,1,0,1,0,1,0,1,52163,1,0,1,0,1,0,1,0,1,0,1,0,1,0,1,3180,1,0,1,0,1,0,1,0,1,0,1,0,1,0,1,0,1,0,1,0,1,0,1,0,1,0,1,0,1,0,1,0,1,0,1,0,1,0,1,0,1,0,1,0,1,0,1,0,1,0,1,0,1,0,1,0,1,0,1,0,1,0,1,0,1,0,1,0,1,0,1,0,1,0,1,0,1,0,1,0,1,0,1,0,1,8581,1,0,1,0,1,0,1,0,1,0,1,0,1,0,1,0,1,0,1,0,1,0,1,0,1,0,1,0,1,0,1,0,1,0,1,0,1,0,1,0,1,0,1,0,1,0,1,0,1,6070,1,0,1,0,1,0,1,0,1,0,1,0,1,0,1,0,1,0,1,0,1,0,1,0,1,0,1,0,1,0,1,0,1
96995,2,0,2,0,2,0,2,0,2,65504,2,0,2,0,2,0,2,0,2,0,2,0,2,0,2,0,2,0,2,0,2,0,2,0,2,0,2,0,2,0,2,0,2,0,2,0,2,0,2,0,2,0,2,0,2,0,2,0,2,0,2,0,2,0,2,0,2,0,2,0,2,0,2,0,2,0,2,0,2,0,2,0,2,0,2,0,2,0,2,0,2,0,2,0,2,0,2,0,2,0,2,0,2,0,2,0,2,0,2,0,2,0,2,17102,2,0,2,0,2,0,2,0,2,0,2,0,2,0,2,0,2,0,2,0,2,0,2,0,2,0,2,0,2,0,2,0,2,0,2,0,2,0,2,0,2,0,2,0,2,0,2,0,2,0,2,0,2,0,2,0,2,0,2,0,2,0,2,0,2,0,2,0,2,0,2,0,2,0,2,0,2,0,2,0,2,0,2,0,2
96896,3,0,3,0,3,0,3,0,3,0,3,58268,3,0,3,0,3,0,3,0,3,0,3,0,3,0,3,0,3,2992,3,0,3,0,3,0,3,0,3,0,3,0,3,0,3,0,3,0,3,0,3,0,3,0,3,0,3,0,3,0,3,0,3,0,3,0,3,0,3,0,3,0,3,0,3,0,3,0,3,0,3,0,3,0,3,0,3,0,3,0,3,0,3,0,3,0,3,0,3,0,3,0,3,0,3,0,3,0,3,0,3,0,3,0,3,0,3,6250,3,0,3,0,3,0,3,0,3,0,3,0,3,0,3,0,3,0,3,0,3,0,3,0,3,0,3,0,3,0,3,0,3,0,3,0,3,0,3,0,3,0,3,0,3,0,3,0,3,5568,3,0,3,0,3,0,3,0,3,0,3,0,3,0,3,0,3,0,3,0,3,0,3,0,3,0,3,0,3,0,3
98263,4,0,4,0,4,0,4,0,4,78839,4,0,4,0,4,0,4,0,4,0,4,0,4,0,4,0,4,0,4,3427,4,0,4,0,4,0,4,0,4,0,4,0,4,0,4,0,4,0,4,0,4,0,4,0,4,0,4,0,4,0,4,0,4,0,4,0,4,0,4,0,4,0,4,0,4,0,4,0,4,0,4,0,4,0,4,0,4,0,4,0,4,0,4,0,4,0,4,0,4,0,4,0,4,0,4,0,4,0,4,0,4,0,4,0,4,0,4,0,4,5777,4,0,4,0,4,0,4,0,4,0,4,0,4,0,4,0,4,0,4,0,4,0,4,0,4,0,4,0,4,0,4,0,4,0,4,0,4,0,4,0,4,0,4,7515,4,0,4,0,4,0,4,0,4,0,4,0,4,0,4,0,4,0,4,0,4,0,4,0,4,0,4,0,4,0,4,0,4,0,4
0,5,0,5,65892,5,0,5,0,5,0,5,0,5,49212,5,0,5,0,5,0,5,0,5,0,5,0,5,0,5,3123,5,0,5,0,5,0,5,0,5,0,5,0,5,0,5,0,5,0,5,0,5,0,5,0,5,0,5,0,5,0,5,0,5,0,5,0,5,0,5,0,5,0,5,0,5,0,5,0,5,21585,5,0,5,0,5,0,5,0,5,0,5,0,5,0,5,0,5,0,5,0,5,0,5,0,5,0,5,0,5,0,5,0,5,0,5,0,5,0,5,5831,5,0,5,0,5,0,5,0,5,0,5,0,5,0,5,0,5,0,5,0,5,0,5,0,5,0,5,0,5,0,5,0,5,0,5,0,5,0,5,0,5,0,5,0,5,0,5,0,5,0,5,0,5,0,5,0,5,0,5,0,5,0,5,0,5,0,5,0,5,0,5,0,5,0,5,0,5,0,5
0,6,0,6,71948,6,0,6,0,6,83489,6,0,6,0,6,0,6,0,6,0,6,0,6,0,6,0,6,0,6,0,6,0,6,0,6,0,6,0,6,0,6,0,6,0,6,0,6,0,6,0,6,0,6,0,6,0,6,0,6,0,6,0,6,0,6,0,6,0,6,0,6,0,6,0,6,0,6,0,6,18809,6,0,6,0,6,0,6,0,6,0,6,0,6,0,6,0,6,0,6,0,6,0,6,0,6,0,6,0,6,0,6,0,6,0,6,0,6,0,6,0,6,0,6,2533,6,0,6,0,6,0,6,0,6,0,6,5120,6,0,6,0,6,0,6,0,6,0,6,0,6,0,6,0,6,0,6,0,6,0,6,0,6,0,6,0,6,0,6,0,6,0,6,0,6,0,6,0,6,0,6,0,6,0,6,0,6,0,6,0,6,0,6,0,6,0,6,0,6,0,6
0,7,0,7,0,7,79153,7,0,7,0,7,52743,7,0,7,0,7,0,7,0,7,0,7,0,7,0,7,0,7,3058,7,0,7,0,7,0,7,0,7,0,7,0,7,0,7,0,7,0,7,0,7,0,7,0,7,0,7,0,7,0,7,0,7,0,7,0,7,0,7,0,7,0,7,0,7,0,7,0,7,0,7,0,7,0,7,0,7,0,7,0,7,0,7,0,7,0,7,0,7,0,7,0,7,0,7,0,7,0,7,0,7,0,7,0,7,7362,7,0,7,0,7,0,7,0,7,0,7,0,7,0,7,0,7,0,7,0,7,0,7,0,7,0,7,0,7,0,7,0,7,0,7,0,7,0,7,0,7,0,7,0,7,0,7,0,7,0,7,5207,7,0,7,0,7,0,7,0,7,0,7,0,7,0,7,0,7,0,7,0,7,0,7,0,7,0,7,0,7,0,7
0,8,0,8,0,8,78878,8,0,8,0,8,58212,8,0,8,0,8,0,8,0,8,0,8,0,8,0,8,0,8,0,8,0,8,0,8,0,8,0,8,0,8,0,8,0,8,0,8,0,8,0,8,0,8,0,8,8,8,8,8,9,8,7,8,8,8,0,8,0,8,0,8,0,8,0,8,68,8,68,8,22,8,0,8,0,8,0,8,0,8,68,8,17,8,0,8,0,8,0,8,0,8,0,8,0,8,0,8,0,8,17,8,0,8,8,8,0,8,0,8,0,8,0,8,1886,8,0,8,0,8,0,8,0,8,0,8,4372,8,0,8,0,8,9,8,8,8,0,8,0,8,0,8,0,8,0,8,0,8,0,8,0,8,0,8,4584,8,8,8,8,8,0,8,0,8,0,8,0,8,0,8,0,8,0,8,0,8,0,8,0,8,0,8,0,8,0,8,0,8,0,8
0,9,0,9,0,9,0,9,79559,9,0,9,0,9,40779,9,0,9,0,9,0,9,0,9,0,9,0,9,0,9,0,9,0,9,0,9,0,9,0,9,0,9,0,9,0,9,0,9,0,9,0,9,0,9,0,9,8,9,8,9,10,9,7,9,8,9,0,9,0,9,0,9,0,9,0,9,71,9,71,9,23,9,0,9,0,9,0,9,0,9,71,9,17,9,0,9,0,9,0,9,0,9,0,9,0,9,0,9,0,9,17,9,0,9,8,9,0,9,0,9,0,9,0,9,0,9,1721,9,0,9,0,9,0,9,0,9,0,9,0,9,0,9,10,9,8,9,0,9,0,9,0,9,0,9,0,9,0,9,0,9,0,9,0,9,4816,9,8,9,8,9,0,9,0,9,0,9,0,9,0,9,0,9,0,9,0,9,0,9,0,9,0,9,0,9,0,9,0,9,0,9
0,10,0,10,0,10,77138,10,0,10,0,10,58008,10,0,10,0,10,0,10,0,10,0,10,0,10,0,10,0,10,0,10,0,10,0,10,0,10,0,10,0,10,0,10,0,10,0,10,0,10,0,10,0,10,0,10,0,10,0,10,0,10,0,10,0,10,0,10,0,10,0,10,0,10,0,10,0,10,0,10,0,10,0,10,0,10,0,10,0,10,0,10,0,10,0,10,0,10,0,10,0,10,0,10,0,10,0,10,0,10,0,10,0,10,0,10,7296,10,0,10,0,10,0,10,2308,10,0,10,0,10,0,10,0,10,0,10,0,10,0,10,0,10,0,10,0,10,0,10,0,10,0,10,0,10,0,10,0,10,0,10,0,10,0,10,0,10,0,10,6042,10,0,10,0,10,0,10,0,10,0,10,0,10,0,10,0,10,0,10,0,10,0,10,0,10,0,10,0,10,0,10
0,11,0,11,0,11,0,11,0,11,0,11,0,11,38755,11,0,11,0,11,0,11,0,11,0,11,0,11,0,11,0,11,0,11,0,11,0,11,0,11,0,11,0,11,0,11,0,11,0,11,63434,11,0,11,0,11,8,11,8,11,9,11,7,11,8,11,0,11,0,11,0,11,0,11,0,11,66,11,66,11,22,11,0,11,0,11,0,11,0,11,66,11,16,11,0,11,0,11,0,11,0,11,0,11,0,11,0,11,0,11,16,11,0,11,8,11,0,11,0,11,0,11,0,11,0,11,0,11,0,11,0,11,0,11,0,11,0,11,0,11,0,11,9,11,8,11,0,11,0,11,0,11,0,11,0,11,0,11,0,11,0,11,0,11,4554,11,8,11,8,11,0,11,0,11,0,11,0,11,0,11,0,11,0,11,0,11,0,11,0,11,0,11,0,11,0,11,0,11,0,11
0,12,0,12,0,12,0,12,0,12,0,12,52826,12,0,12,0,12,0,12,0,12,0,12,0,12,0,12,0,12,0,12,0,12,0,12,0,12,0,12,0,12,0,12,0,12,0,12,69400,12,0,12,0,12,0,12,198,12,186,12,175,12,165,12,155,12,0,12,0,12,0,12,0,12,0,12,146,12,32,12,10,12,0,12,0,12,0,12,0,12,32,12,8,12,0,12,0,12,0,12,0,12,0,12,0,12,0,12,0,12,8,12,0,12,4,12,0,12,0,12,0,12,0,12,0,12,0,12,0,12,0,12,0,12,0,12,0,12,0,12,0,12,4,12,4,12,0,12,0,12,0,12,0,12,0,12,0,12,0,12,0,12,0,12,2231,12,4,12,4,12,0,12,0,12,0,12,0,12,0,12,0,12,0,12,0,12,0,12,0,12,0,12,0,12,0,12,0,12,0,12
0,13,0,13,0,13,0,13,0,13,68592,13,0,13,0,13,0,13,0,13,0,13,0,13,0,13,0,13,0,13,0,13,0,13,0,13,0,13,0,13,0,13,0,13,0,13,0,13,69358,13,0,13,0,13,0,13,0,13,0,13,0,13,0,13,0,13,0,13,0,13,0,13,0,13,0,13,0,13,0,13,0,13,0,13,0,13,0,13,0,13,0,13,0,13,0,13,0,13,0,13,0,13,0,13,0,13,0,13,0,13,0,13,0,13,0,13,0,13,0,13,0,13,0,13,0,13,0,13,0,13,0,13,0,13,0,13,0,13,0,13,0,13,0,13,0,13,0,13,0,13,0,13,0,13,0,13,0,13,0,13,0,13,0,13,0,13,7182,13,0,13,0,13,0,13,0,13,0,13,0,13,0,13,0,13,0,13,0,13,0,13,0,13,0,13,0,13,0,13,0,13
0,14,0,14,0,14,0,14,0,14,77662,14,0,14,0,14,0,14,0,14,0,14,0,14,0,14,0,14,0,14,0,14,0,14,0,14,0,14,0,14,0,14,0,14,0,14,0,14,72128,14,0,14,0,14,0,14,0,14,0,14,0,14,0,14,0,14,0,14,0,14,0,14,0,14,0,14,0,14,0,14,0,14,0,14,0,14,0,14,0,14,0,14,0,14,0,14,0,14,0,14,0,14,0,14,0,14,0,14,0,14,0,14,0,14,0,14,0,14,0,14,0,14,0,14,0,14,0,14,0,14,0,14,0,14,0,14,0,14,0,14,0,14,0,14,0,14,0,14,0,14,0,14,0,14,0,14,0,14,0,14,0,14,0,14,9455,14,0,14,0,14,0,14,0,14,0,14,0,14,0,14,0,14,0,14,0,14,0,14,0,14,0,14,0,14,0,14,0,14,0,14
0,15,0,15,0,15,0,15,0,15,0,15,0,15,0,15,0,15,0,15,0,15,0,15,0,15,0,15,0,15,0,15,0,15,0,15,0,15,12527,15,0,15,0,15,99784,15,0,15,0,15,0,15,0,15,0,15,8,15,8,15,9,15,7,15,8,15,0,15,0,15,0,15,0,15,0,15,69,15,69,15,23,15,0,15,0,15,0,15,0,15,69,15,17,15,0,15,0,15,0,15,0,15,0,15,0,15,0,15,0,15,17,15,0,15,8,15,0,15,0,15,0,15,0,15,0,15,0,15,0,15,0,15,0,15,0,15,0,15,0,15,0,15,9,15,8,15,0,15,0,15,0,15,0,15,0,15,0,15,0,15,0,15,0,15,4728,15,8,15,8,15,0,15,0,15,0,15,0,15,0,15,0,15,0,15,0,15,0,15,0,15,0,15,0,15,0,15,0,15,0,15
0,16,0,16,0,16,0,16,0,16,0,16,0,16,0,16,0,16,0,16,0,16,0,16,0,16,0,16,0,16,0,16,0,16,0,16,0,16,0,16,0,16,30394,16,0,16,0,16,0,16,67697,16,0,16,0,16,175,16,165,16,155,16,146,16,4,16,0,16,0,16,0,16,0,16,0,16,32,16,32,16,10,16,0,16,0,16,0,16,0,16,32,16,8,16,0,16,0,16,0,16,0,16,0,16,0,16,0,16,0,16,8,16,0,16,4,16,0,16,0,16,0,16,0,16,0,16,0,16,0,16,0,16,0,16,0,16,0,16,0,16,0,16,4,16,4,16,0,16,0,16,0,16,0,16,0,16,0,16,0,16,0,16,0,16,2196,16,4,16,4,16,0,16,0,16,0,16,0,16,0,16,0,16,0,16,0,16,0,16,0,16,0,16,0,16,0,16,0,16,0,16
0,17,0,17,0,17,0,17,0,17,0,17,0,17,0,17,0,17,0,17,0,17,0,17,0,17,0,17,0,17,0,17,0,17,0,17,0,17,14592,17,0,17,0,17,0,17,77727,17,0,17,0,17,0,17,0,17,0,17,0,17,0,17,0,17,0,17,0,17,0,17,0,17,0,17,0,17,0,17,0,17,0,17,0,17,0,17,0,17,0,17,0,17,0,17,0,17,0,17,0,17,0,17,0,17,0,17,0,17,0,17,0,17,0,17,0,17,0,17,0,17,0,17,0,17,0,17,0,17,0,17,0,17,0,17,0,17,0,17,0,17,0,17,0,17,0,17,0,17,0,17,0,17,0,17,0,17,0,17,0,17,0,17,0,17,0,17,0,17,5282,17,0,17,0,17,0,17,0,17,0,17,0,17,0,17,0,17,0,17,0,17,0,17,0,17,0,17,0,17,0,17
0,18,0,18,0,18,0,18,0,18,0,18,0,18,0,18,0,18,0,18,0,18,0,18,0,18,0,18,0,18,0,18,0,18,0,18,0,18,0,18,11816,18,0,18,0,18,0,18,0,18,51916,18,0,18,0,18,186,18,175,18,164,18,155,18,146,18,0,18,0,18,0,18,0,18,0,18,32,18,32,18,10,18,0,18,0,18,0,18,0,18,32,18,8,18,0,18,0,18,0,18,0,18,0,18,0,18,0,18,0,18,8,18,0,18,4,18,0,18,0,18,0,18,0,18,0,18,0,18,17478,18,0,18,0,18,0,18,0,18,0,18,0,18,4,18,4,18,0,18,0,18,0,18,0,18,0,18,0,18,0,18,0,18,0,18,2196,18,4,18,4,18,0,18,0,18,0,18,0,18,0,18,0,18,0,18,0,18,0,18,0,18,0,18,0,18,0,18,0,18,0,18
0,19,0,19,0,19,0,19,0,19,0,19,0,19,0,19,0,19,0,19,0,19,0,19,0,19,0,19,0,19,0,19,0,19,0,19,0,19,0,19,11191,19,0,19,0,19,0,19,0,19,0,19,0,19,24837,19,0,19,0,19,0,19,0,19,0,19,0,19,0,19,0,19,0,19,0,19,0,19,0,19,0,19,0,19,0,19,0,19,0,19,0,19,23744,19,0,19,0,19,0,19,7861,19,0,19,0,19,0,19,0,19,0,19,0,19,0,19,0,19,0,19,0,19,0,19,0,19,0,19,0,19,0,19,0,19,0,19,3850,19,0,19,0,19,0,19,0,19,0,19,0,19,0,19,0,19,0,19,0,19,1060,19,0,19,0,19,0,19,0,19,0,19,0,19,0,19,0,19,0,19,0,19,0,19,0,19,0,19,0,19,0,19,0,19,0,19,0,19,0,19,0,19
0,20,0,20,0,20,0,20,0,20,0,20,0,20,0,20,0,20,0,20,0,20,0,20,0,20,0,20,0,20,0,20,0,20,0,20,0,20,0,20,0,20,0,20,0,20,0,20,0,20,58752,20,0,20,0,20,164,20,3,20,154,20,145,20,3,20,0,20,0,20,0,20,0,20,0,20,31,20,31,20,10,20,0,20,0,20,0,20,0,20,31,20,7,20,0,20,0,20,0,20,0,20,0,20,0,20,0,20,0,20,7,20,0,20,3,20,0,20,0,20,0,20,0,20,0,20,0,20,0,20,0,20,0,20,19616,20,0,20,0,20,0,20,4,20,3,20,0,20,0,20,0,20,0,20,0,20,0,20,0,20,0,20,0,20,2189,20,3,20,3,20,0,20,0,20,0,20,0,20,0,20,0,20,0,20,0,20,0,20,0,20,0,20,0,20,0,20,0,20,0,20
0,21,0,21,0,21,0,21,0,21,0,21,0,21,0,21,0,21,0,21,0,21,0,21,0,21,0,21,0,21,0,21,0,21,0,21,0,21,0,21,12137,21,0,21,0,21,0,21,0,21,57985,21,0,21,0,21,170,21,160,21,4,21,151,21,3,21,0,21,0,21,0,21,0,21,0,21,31,21,142,21,10,21,0,21,0,21,0,21,0,21,31,21,7,21,0,21,0,21,0,21,0,21,0,21,0,21,0,21,0,21,7,21,0,21,3,21,0,21,0,21,0,21,0,21,0,21,0,21,0,21,0,21,0,21,0,21,0,21,0,21,0,21,4,21,3,21,0,21,0,21,9613,21,0,21,0,21,0,21,0,21,0,21,0,21,2168,21,3,21,3,21,0,21,0,21,0,21,0,21,0,21,0,21,0,21,0,21,0,21,0,21,0,21,0,21,0,21,0,21,0,21
0,22,0,22,0,22,0,22,0,22,0,22,0,22,0,22,0,22,0,22,0,22,0,22,0,22,0,22,0,22,0,22,0,22,0,22,0,22,0,22,0,22,0,22,0,22,0,22,0,22,0,22,64916,22,0,22,3,22,3,22,3,22,2,22,3,22,0,22,0,22,0,22,0,22,0,22,26,22,26,22,8,22,0,22,0,22,0,22,0,22,26,22,6,22,0,22,0,22,0,22,0,22,0,22,0,22,0,22,0,22,6,22,0,22,3,22,0,22,0,22,0,22,0,22,0,22,0,22,0,22,0,22,0,22,0,22,0,22,0,22,0,22,3,22,3,22,0,22,0,22,0,22,0,22,0,22,0,22,0,22,0,22,0,22,1867,22,3,22,3,22,0,22,0,22,0,22,0,22,0,22,0,22,0,22,0,22,0,22,0,22,0,22,0,22,0,22,0,22,0,22
0,23,0,23,0,23,0,23,0,23,0,23,0,23,0,23,0,23,0,23,0,23,0,23,0,23,0,23,0,23,0,23,0,23,0,23,0,23,0,23,0,23,0,23,0,23,0,23,0,23,0,23,56143,23,0,23,3,23,3,23,4,23,143,23,3,23,0,23,0,23,0,23,0,23,0,23,30,23,30,23,10,23,0,23,0,23,0,23,0,23,30,23,7,23,0,23,0,23,0,23,0,23,0,23,0,23,0,23,0,23,7,23,0,23,3,23,0,23,0,23,0,23,0,23,0,23,0,23,0,23,0,23,0,23,0,23,0,23,0,23,0,23,4,23,3,23,0,23,0,23,0,23,0,23,0,23,0,23,0,23,0,23,0,23,2150,23,3,23,3,23,0,23,0,23,0,23,0,23,0,23,0,23,0,23,0,23,0,23,0,23,0,23,0,23,0,23,0,23,0,23
0,24,0,24,0,24,0,24,0,24,0,24,0,24,0,24,0,24,0,24,0,24,0,24,0,24,0,24,0,24,0,24,0,24,0,24,0,24,0,24,0,24,0,24,0,24,0,24,0,24,0,24,0,24,20436,24,0,24,0,24,0,24,0,24,0,24,0,24,0,24,0,24,0,24,0,24,0,24,0,24,0,24,0,24,0,24,0,24,0,24,0,24,17355,24,0,24,0,24,0,24,8131,24,0,24,0,24,0,24,0,24,0,24,0,24,0,24,0,24,0,24,0,24,0,24,0,24,0,24,0,24,0,24,0,24,0,24,0,24,0,24,0,24,0,24,0,24,0,24,0,24,2438,24,0,24,0,24,0,24,0,24,0,24,0,24,0,24,0,24,0,24,0,24,0,24,0,24,0,24,0,24,0,24,6133,24,0,24,0,24,0,24,0,24,0,24,0,24,0,24,0,24
0,25,0,25,0,25,0,25,0,25,0,25,0,25,0,25,0,25,0,25,0,25,0,25,0,25,0,25,0,25,0,25,0,25,0,25,0,25,0,25,0,25,0,25,0,25,0,25,0,25,0,25,60377,25,0,25,7,25,7,25,8,25,6,25,7,25,0,25,0,25,0,25,0,25,0,25,62,25,62,25,20,25,0,25,0,25,0,25,0,25,62,25,15,25,0,25,0,25,0,25,0,25,0,25,0,25,0,25,0,25,15,25,0,25,7,25,0,25,0,25,0,25,0,25,0,25,0,25,0,25,0,25,0,25,0,25,0,25,0,25,0,25,8,25,7,25,0,25,0,25,0,25,0,25,0,25,0,25,0,25,0,25,0,25,4337,25,7,25,7,25,0,25,0,25,0,25,0,25,0,25,0,25,0,25,0,25,0,25,0,25,0,25,0,25,0,25,0,25,0,25
0,26,0,26,0,26,0,26,0,26,0,26,0,26,0,26,0,26,0,26,0,26,0,26,0,26,0,26,0,26,0,26,0,26,0,26,0,26,0,26,0,26,0,26,0,26,0,26,0,26,0,26,55636,26,0,26,228,26,214,26,202,26,190,26,179,26,0,26,0,26,0,26,0,26,0,26,168,26,158,26,149,26,0,26,0,26,0,26,0,26,140,26,7,26,0,26,0,26,0,26,0,26,0,26,0,26,0,26,0,26,7,26,0,26,3,26,0,26,0,26,0,26,0,26,0,26,0,26,0,26,0,26,0,26,0,26,0,26,0,26,0,26,4,26,3,26,0,26,0,26,0,26,0,26,0,26,0,26,0,26,0,26,0,26,2223,26,3,26,3,26,0,26,0,26,0,26,0,26,0,26,0,26,0,26,0,26,0,26,0,26,0,26,0,26,0,26,0,26,0,26
0,27,0,27,0,27,0,27,0,27,33,27,4462,27,33,27,0,27,0,27,0,27,0,27,0,27,0,27,0,27,0,27,0,27,0,27,0,27,67,27,67,27,33,27,0,27,0,27,0,27,0,27,7,27,20753,27,0,27,0,27,0,27,0,27,0,27,0,27,0,27,0,27,0,27,0,27,0,27,0,27,0,27,0,27,0,27,0,27,0,27,0,27,18098,27,0,27,0,27,0,27,6284,27,0,27,0,27,0,27,0,27,0,27,0,27,0,27,0,27,0,27,0,27,0,27,0,27,0,27,0,27,0,27,22,27,33,27,2108,27,0,27,0,27,0,27,0,27,0,27,0,27,0,27,0,27,0,27,0,27,0,27,704,27,0,27,0,27,0,27,0,27,0,27,0,27,0,27,0,27,0,27,67,27,67,27,0,27,67,27,0,27,0,27,0,27,0,27,0,27,0,27
0,28,0,28,0,28,0,28,0,28,0,28,0,28,0,28,0,28,0,28,0,28,0,28,0,28,0,28,0,28,0,28,0,28,0,28,0,28,0,28,0,28,0,28,0,28,0,28,0,28,0,28,54656,28,0,28,209,28,197,28,185,28,174,28,164,28,0,28,0,28,0,28,0,28,0,28,154,28,145,28,10,28,0,28,0,28,0,28,0,28,32,28,8,28,0,28,0,28,0,28,0,28,0,28,0,28,0,28,0,28,8,28,0,28,4,28,0,28,0,28,0,28,0,28,0,28,0,28,0,28,0,28,0,28,0,28,0,28,0,28,0,28,4,28,4,28,0,28,0,28,0,28,0,28,0,28,0,28,0,28,0,28,0,28,2257,28,4,28,4,28,0,28,0,28,0,28,0,28,0,28,0,28,0,28,0,28,0,28,0,28,0,28,0,28,0,28,0,28,0,28
0,29,0,29,0,29,0,29,0,29,29,29,3942,29,29,29,0,29,0,29,0,29,0,29,0,29,0,29,0,29,0,29,0,29,0,29,0,29,59,29,59,29,29,29,0,29,0,29,0,29,0,29,6,29,18807,29,0,29,0,29,0,29,0,29,0,29,0,29,0,29,0,29,0,29,0,29,0,29,0,29,0,29,0,29,0,29,0,29,0,29,0,29,15122,29,0,29,0,29,0,29,0,29,4610,29,0,29,0,29,0,29,0,29,0,29,0,29,0,29,0,29,0,29,0,29,0,29,0,29,0,29,0,29,19,29,29,29,2252,29,0,29,0,29,0,29,0,29,0,29,0,29,0,29,0,29,0,29,0,29,1156,29,0,29,0,29,0,29,0,29,0,29,0,29,0,29,0,29,0,29,0,29,59,29,59,29,0,29,59,29,0,29,0,29,0,29,0,29,0,29,0,29
0,30,0,30,0,30,0,30,0,30,0,30,0,30,0,30,0,30,0,30,0,30,0,30,0,30,0,30,0,30,0,30,0,30,0,30,0,30,0,30,0,30,0,30,0,30,0,30,0,30,0,30,0,30,0,30,0,30,31870,30,0,30,0,30,0,30,0,30,0,30,0,30,0,30,0,30,0,30,0,30,0,30,0,30,0,30,0,30,0,30,0,30,0,30,0,30,0,30,0,30,0,30,0,30,0,30,0,30,0,30,0,30,0,30,0,30,0,30,0,30,0,30,0,30,0,30,0,30,0,30,0,30,0,30,14888,30,0,30,0,30,0,30,0,30,0,30,0,30,0,30,0,30,0,30,0,30,0,30,0,30,0,30,0,30,0,30,0,30,0,30,0,30,0,30,0,30,0,30,0,30,0,30,0,30,0,30,0,30,0,30,0,30,0,30,0,30,0,30,0,30
0,31,0,31,0,31,0,31,0,31,29,31,3895,31,29,31,0,31,0,31,0,31,0,31,0,31,0,31,0,31,0,31,0,31,0,31,0,31,58,31,58,31,29,31,0,31,0,31,0,31,0,31,6,31,0,31,34057,31,0,31,0,31,0,31,0,31,0,31,0,31,0,31,0,31,0,31,0,31,0,31,0,31,0,31,0,31,0,31,0,31,0,31,0,31,0,31,0,31,0,31,0,31,0,31,0,31,0,31,0,31,0,31,0,31,0,31,0,31,0,31,0,31,0,31,0,31,0,31,0,31,0,31,19,31,29,31,0,31,0,31,0,31,0,31,0,31,0,31,0,31,0,31,0,31,7758,31,0,31,0,31,0,31,0,31,0,31,0,31,0,31,0,31,0,31,0,31,0,31,0,31,58,31,58,31,0,31,58,31,0,31,0,31,0,31,0,31,0,31,0,31
0,32,0,32,0,32,0,32,0,32,0,32,0,32,0,32,0,32,0,32,0,32,0,32,0,32,0,32,0,32,0,32,0,32,0,32,0,32,0,32,0,32,0,32,0,32,0,32,0,32,0,32,0,32,0,32,0,32,27742,32,0,32,0,32,0,32,0,32,0,32,0,32,0,32,0,32,0,32,0,32,0,32,0,32,0,32,0,32,0,32,0,32,0,32,0,32,0,32,0,32,0,32,0,32,0,32,0,32,0,32,0,32,0,32,0,32,0,32,0,32,0,32,0,32,0,32,0,32,0,32,0,32,0,32,12788,32,0,32,0,32,0,32,0,32,0,32,0,32,0,32,0,32,0,32,0,32,0,32,0,32,0,32,0,32,0,32,0,32,0,32,0,32,0,32,0,32,0,32,0,32,0,32,0,32,0,32,0,32,0,32,0,32,0,32,0,32,0,32,0,32
0,33,0,33,0,33,0,33,0,33,0,33,0,33,0,33,0,33,0,33,0,33,0,33,0,33,0,33,0,33,0,33,0,33,0,33,0,33,0,33,0,33,0,33,0,33,0,33,0,33,0,33,0,33,0,33,0,33,0,33,22055,33,0,33,0,33,0,33,0,33,0,33,0,33,0,33,0,33,0,33,0,33,0,33,0,33,0,33,0,33,0,33,0,33,0,33,0,33,0,33,0,33,4267,33,0,33,0,33,0,33,0,33,0,33,0,33,0,33,0,33,0,33,0,33,0,33,0,33,0,33,0,33,0,33,0,33,0,33,0,33,0,33,0,33,0,33,0,33,0,33,0,33,0,33,6040,33,0,33,0,33,0,33,0,33,0,33,0,33,0,33,0,33,0,33,0,33,0,33,0,33,0,33,5784,33,0,33,0,33,0,33,0,33,0,33,0,33,0,33,0,33
0,34,0,34,0,34,0,34,0,34,261,34,246,34,233,34,0,34,0,34,0,34,0,34,0,34,0,34,0,34,0,34,0,34,0,34,0,34,0,34,0,34,220,34,207,34,196,34,0,34,0,34,185,34,175,34,0,34,0,34,21805,34,165,34,0,34,0,34,0,34,0,34,0,34,0,34,0,34,0,34,0,34,0,34,0,34,156,34,0,34,0,34,0,34,0,34,2015,34,0,34,5515,34,0,34,0,34,0,34,0,34,0,34,0,34,0,34,0,34,0,34,0,34,139,34,0,34,0,34,131,34,124,34,8,34,13,34,0,34,0,34,0,34,0,34,0,34,0,34,0,34,117,34,0,34,111,34,0,34,0,34,0,34,0,34,0,34,0,34,0,34,0,34,0,34,0,34,0,34,0,34,0,34,0,34,0,34,5461,34,0,34,0,34,0,34,0,34,0,34,0,34
0,35,0,35,0,35,0,35,0,35,298,35,1764,35,250,35,0,35,0,35,0,35,0,35,0,35,0,35,0,35,0,35,0,35,0,35,0,35,229,35,210,35,193,35,0,35,0,35,0,35,0,35,2,35,0,35,0,35,0,35,0,35,27871,35,0,35,0,35,0,35,0,35,0,35,0,35,0,35,0,35,0,35,0,35,0,35,0,35,0,35,0,35,0,35,0,35,0,35,0,35,0,35,0,35,0,35,0,35,0,35,0,35,0,35,0,35,0,35,0,35,0,35,0,35,0,35,0,35,0,35,0,35,177,35,10,35,0,35,0,35,0,35,0,35,0,35,0,35,0,35,0,35,0,35,0,35,0,35,0,35,0,35,0,35,0,35,0,35,0,35,0,35,0,35,0,35,0,35,0,35,162,35,149,35,0,35,136,35,0,35,0,35,0,35,0,35,0,35,0,35
0,36,0,36,0,36,0,36,0,36,237,36,1613,36,10,36,0,36,0,36,0,36,0,36,0,36,0,36,0,36,0,36,0,36,0,36,0,36,199,36,183,36,10,36,0,36,0,36,0,36,0,36,2,36,0,36,0,36,0,36,0,36,28529,36,0,36,0,36,0,36,0,36,0,36,0,36,0,36,0,36,0,36,0,36,0,36,0,36,0,36,0,36,0,36,0,36,0,36,0,36,0,36,0,36,0,36,0,36,0,36,0,36,0,36,0,36,0,36,0,36,0,36,0,36,0,36,0,36,0,36,0,36,6,36,167,36,0,36,0,36,0,36,0,36,0,36,0,36,0,36,0,36,0,36,0,36,0,36,0,36,0,36,0,36,0,36,0,36,0,36,0,36,0,36,0,36,0,36,0,36,154,36,141,36,0,36,129,36,0,36,0,36,0,36,0,36,0,36,0,36
0,37,0,37,0,37,0,37,0,37,0,37,0,37,0,37,0,37,0,37,0,37,0,37,0,37,0,37,0,37,0,37,0,37,0,37,0,37,0,37,0,37,0,37,0,37,0,37,0,37,0,37,0,37,0,37,0,37,28055,37,0,37,0,37,0,37,0,37,0,37,0,37,0,37,0,37,0,37,0,37,0,37,0,37,0,37,0,37,0,37,0,37,0,37,0,37,0,37,0,37,0,37,0,37,0,37,0,37,0,37,0,37,0,37,0,37,0,37,0,37,0,37,0,37,0,37,0,37,0,37,0,37,0,37,12443,37,0,37,0,37,0,37,0,37,0,37,0,37,0,37,0,37,0,37,0,37,0,37,0,37,0,37,0,37,0,37,0,37,0,37,0,37,0,37,0,37,0,37,0,37,0,37,0,37,0,37,0,37,0,37,0,37,0,37,0,37,0,37,0,37
0,38,0,38,0,38,0,38,0,38,0,38,0,38,0,38,0,38,0,38,0,38,0,38,0,38,0,38,0,38,0,38,0,38,0,38,0,38,0,38,0,38,0,38,0,38,0,38,0,38,0,38,0,38,0,38,0,38,0,38,21919,38,0,38,0,38,0,38,0,38,0,38,0,38,0,38,0,38,0,38,0,38,0,38,0,38,0,38,0,38,0,38,0,38,0,38,0,38,0,38,0,38,3046,38,0,38,0,38,0,38,0,38,0,38,0,38,0,38,0,38,0,38,0,38,0,38,0,38,0,38,0,38,0,38,12371,38,0,38,0,38,0,38,0,38,0,38,0,38,0,38,0,38,0,38,0,38,0,38,0,38,0,38,0,38,0,38,0,38,0,38,0,38,0,38,0,38,0,38,0,38,0,38,0,38,0,38,0,38,0,38,0,38,0,38,0,38,0,38,0,38
0,39,0,39,0,39,0,39,0,39,66,39,1645,39,66,39,0,39,0,39,0,39,0,39,0,39,0,39,0,39,0,39,0,39,0,39,0,39,236,39,216,39,66,39,11,39,11,39,0,39,0,39,17,39,44,39,0,39,0,39,23311,39,9,39,0,39,0,39,0,39,0,39,0,39,0,39,0,39,0,39,0,39,0,39,0,39,22,39,0,39,0,39,0,39,0,39,3873,39,0,39,0,39,3694,39,0,39,0,39,0,39,0,39,0,39,0,39,0,39,0,39,0,39,12,39,0,39,0,39,89,39,89,39,49,39,66,39,0,39,0,39,0,39,0,39,0,39,0,39,0,39,12,39,0,39,44,39,0,39,0,39,0,39,0,39,0,39,0,39,0,39,0,39,0,39,0,39,0,39,0,39,198,39,182,39,0,39,166,39,0,39,0,39,0,39,0,39,0,39,0,39
0,40,0,40,0,40,0,40,0,40,59,40,3034,40,59,40,0,40,0,40,0,40,0,40,0,40,0,40,0,40,0,40,0,40,0,40,0,40,79,40,79,40,59,40,220,40,208,40,0,40,0,40,15,40,196,40,0,40,0,40,0,40,185,40,21586,40,0,40,0,40,0,40,0,40,0,40,0,40,0,40,0,40,0,40,0,40,175,40,0,40,0,40,0,40,0,40,2162,40,0,40,0,40,0,40,0,40,0,40,0,40,0,40,0,40,0,40,0,40,0,40,0,40,156,40,0,40,0,40,148,40,139,40,43,40,59,40,0,40,0,40,0,40,0,40,0,40,0,40,0,40,132,40,0,40,124,40,0,40,0,40,0,40,0,40,0,40,0,40,0,40,0,40,0,40,0,40,0,40,0,40,79,40,79,40,0,40,79,40,0,40,0,40,0,40,0,40,0,40,0,40
0,41,0,41,0,41,0,41,0,41,75,41,1766,41,75,41,0,41,0,41,0,41,0,41,0,41,0,41,0,41,0,41,0,41,0,41,0,41,255,41,234,41,75,41,12,41,12,41,0,41,0,41,21,41,50,41,0,41,0,41,0,41,11,41,20909,41,0,41,0,41,0,41,0,41,0,41,0,41,0,41,0,41,0,41,0,41,25,41,0,41,0,41,0,41,0,41,4457,41,0,41,0,41,0,41,0,41,0,41,0,41,0,41,0,41,0,41,0,41,0,41,0,41,14,41,0,41,0,41,101,41,101,41,55,41,75,41,0,41,0,41,0,41,0,41,0,41,0,41,0,41,14,41,0,41,50,41,0,41,0,41,0,41,0,41,0,41,0,41,0,41,0,41,0,41,0,41,0,41,0,41,214,41,196,41,0,41,180,41,0,41,0,41,0,41,0,41,0,41,0,41
0,42,0,42,0,42,0,42,0,42,288,42,1707,42,242,42,0,42,0,42,0,42,0,42,0,42,0,42,0,42,0,42,0,42,0,42,0,42,222,42,204,42,187,42,0,42,0,42,0,42,0,42,2,42,0,42,0,42,0,42,0,42,26540,42,0,42,0,42,0,42,0,42,0,42,0,42,0,42,0,42,0,42,0,42,0,42,0,42,0,42,0,42,0,42,0,42,0,42,0,42,0,42,0,42,0,42,0,42,0,42,0,42,0,42,0,42,0,42,0,42,0,42,0,42,0,42,0,42,0,42,0,42,171,42,10,42,0,42,0,42,0,42,0,42,0,42,0,42,0,42,0,42,0,42,0,42,0,42,0,42,0,42,0,42,0,42,0,42,0,42,0,42,0,42,0,42,0,42,0,42,157,42,144,42,0,42,132,42,0,42,0,42,0,42,0,42,0,42,0,42
0,43,0,43,0,43,0,43,0,43,264,43,1674,43,222,43,0,43,0,43,0,43,0,43,0,43,0,43,0,43,0,43,0,43,0,43,0,43,204,43,187,43,10,43,0,43,0,43,0,43,0,43,2,43,0,43,0,43,0,43,0,43,0,43,0,43,0,43,0,43,0,43,0,43,0,43,0,43,0,43,0,43,0,43,0,43,14325,43,0,43,0,43,0,43,0,43,0,43,0,43,0,43,0,43,0,43,0,43,0,43,5115,43,0,43,0,43,0,43,0,43,0,43,0,43,0,43,0,43,0,43,0,43,171,43,10,43,0,43,0,43,0,43,0,43,0,43,0,43,0,43,1026,43,0,43,0,43,0,43,0,43,0,43,0,43,0,43,0,43,0,43,0,43,0,43,0,43,0,43,0,43,157,43,144,43,0,43,132,43,0,43,0,43,0,43,0,43,0,43,0,43
0,44,0,44,0,44,0,44,0,44,0,44,0,44,0,44,0,44,0,44,0,44,0,44,0,44,0,44,0,44,0,44,0,44,0,44,0,44,0,44,0,44,0,44,0,44,0,44,0,44,0,44,0,44,0,44,2,44,2,44,2,44,2,44,2,44,0,44,0,44,0,44,0,44,0,44,18,44,18,44,6,44,4349,44,0,44,0,44,0,44,18,44,4,44,0,44,0,44,7915,44,0,44,0,44,0,44,0,44,0,44,4,44,2468,44,2,44,0,44,0,44,0,44,0,44,0,44,0,44,0,44,0,44,5356,44,0,44,0,44,0,44,0,44,2,44,2,44,0,44,0,44,0,44,0,44,0,44,0,44,0,44,724,44,0,44,1276,44,2,44,2,44,0,44,0,44,0,44,0,44,0,44,0,44,0,44,0,44,0,44,0,44,0,44,0,44,0,44,0,44,0,44
0,45,0,45,0,45,0,45,0,45,10,45,1375,45,10,45,0,45,0,45,0,45,0,45,0,45,0,45,0,45,0,45,0,45,0,45,0,45,183,45,167,45,10,45,0,45,0,45,0,45,0,45,2,45,0,45,0,45,0,45,0,45,0,45,0,45,0,45,0,45,0,45,0,45,0,45,0,45,0,45,0,45,0,45,0,45,15094,45,0,45,0,45,0,45,0,45,0,45,0,45,0,45,0,45,0,45,0,45,0,45,0,45,2762,45,0,45,0,45,0,45,0,45,0,45,0,45,0,45,0,45,0,45,6,45,10,45,0,45,0,45,0,45,0,45,2526,45,0,45,0,45,0,45,0,45,0,45,0,45,0,45,0,45,0,45,0,45,0,45,0,45,0,45,0,45,0,45,0,45,0,45,153,45,141,45,0,45,129,45,0,45,0,45,0,45,0,45,0,45,0,45
0,46,0,46,0,46,0,46,0,46,229,46,1667,46,10,46,0,46,0,46,0,46,0,46,0,46,0,46,0,46,0,46,0,46,0,46,0,46,192,46,176,46,10,46,0,46,0,46,0,46,0,46,2,46,0,46,0,46,0,46,0,46,0,46,0,46,0,46,0,46,0,46,0,46,0,46,0,46,0,46,0,46,0,46,0,46,0,46,0,46,0,46,0,46,0,46,16500,46,0,46,0,46,0,46,0,46,0,46,0,46,0,46,0,46,0,46,0,46,0,46,0,46,0,46,0,46,0,46,0,46,0,46,7,46,10,46,0,46,0,46,0,46,0,46,2518,46,0,46,0,46,0,46,0,46,0,46,0,46,0,46,0,46,0,46,0,46,0,46,0,46,0,46,0,46,0,46,0,46,0,46,161,46,148,46,0,46,136,46,0,46,0,46,0,46,0,46,0,46,0,46
0,47,0,47,0,47,0,47,0,47,34,47,1296,47,34,47,0,47,0,47,0,47,0,47,0,47,0,47,0,47,0,47,0,47,0,47,0,47,207,47,190,47,34,47,175,47,166,47,0,47,0,47,9,47,156,47,0,47,0,47,0,47,148,47,0,47,0,47,0,47,0,47,0,47,0,47,0,47,0,47,0,47,0,47,0,47,140,47,0,47,0,47,0,47,10132,47,1746,47,0,47,0,47,0,47,0,47,0,47,0,47,0,47,0,47,5719,47,0,47,0,47,0,47,124,47,0,47,0,47,118,47,111,47,279,47,259,47,0,47,0,47,0,47,0,47,0,47,0,47,0,47,6,47,0,47,23,47,0,47,0,47,0,47,0,47,0,47,0,47,0,47,0,47,0,47,0,47,0,47,0,47,146,47,134,47,0,47,123,47,0,47,0,47,0,47,0,47,0,47,0,47
0,48,0,48,0,48,0,48,0,48,9,48,1326,48,9,48,0,48,0,48,0,48,0,48,0,48,0,48,0,48,0,48,0,48,0,48,0,48,163,48,150,48,9,48,0,48,0,48,0,48,0,48,2,48,0,48,0,48,0,48,0,48,0,48,0,48,0,48,0,48,0,48,0,48,0,48,0,48,0,48,0,48,0,48,0,48,17835,48,0,48,0,48,0,48,0,48,0,48,0,48,0,48,0,48,0,48,0,48,0,48,0,48,2433,48,0,48,0,48,0,48,0,48,0,48,0,48,0,48,0,48,0,48,6,48,9,48,0,48,0,48,0,48,0,48,2569,48,0,48,0,48,0,48,0,48,0,48,0,48,0,48,0,48,0,48,0,48,0,48,0,48,0,48,0,48,0,48,0,48,0,48,137,48,19,48,0,48,126,48,0,48,0,48,0,48,0,48,0,48,0,48
0,49,0,49,0,49,0,49,0,49,9,49,1267,49,9,49,0,49,0,49,0,49,0,49,0,49,0,49,0,49,0,49,0,49,0,49,0,49,19,49,19,49,9,49,0,49,0,49,0,49,0,49,2,49,0,49,0,49,0,49,0,49,0,49,0,49,0,49,0,49,0,49,0,49,0,49,0,49,0,49,0,49,4457,49,0,49,0,49,0,49,0,49,11726,49,0,49,0,49,0,49,0,49,0,49,1971,49,0,49,0,49,0,49,0,49,0,49,0,49,0,49,0,49,5357,49,0,49,0,49,0,49,0,49,6,49,9,49,0,49,0,49,0,49,0,49,0,49,0,49,0,49,0,49,0,49,0,49,0,49,0,49,0,49,0,49,0,49,0,49,0,49,0,49,0,49,0,49,0,49,0,49,135,49,19,49,0,49,124,49,0,49,0,49,0,49,0,49,0,49,0,49
0,50,0,50,0,50,0,50,0,50,10,50,1349,50,10,50,0,50,0,50,0,50,0,50,0,50,0,50,0,50,0,50,0,50,0,50,0,50,155,50,20,50,10,50,0,50,0,50,0,50,0,50,2,50,0,50,0,50,0,50,0,50,0,50,0,50,0,50,0,50,0,50,0,50,0,50,0,50,0,50,0,50,0,50,0,50,0,50,0,50,0,50,0,50,0,50,16043,50,0,50,0,50,0,50,0,50,0,50,0,50,0,50,0,50,0,50,0,50,0,50,0,50,0,50,0,50,0,50,0,50,0,50,6,50,10,50,0,50,0,50,0,50,3112,50,0,50,0,50,0,50,0,50,0,50,0,50,0,50,0,50,0,50,248,50,0,50,0,50,0,50,0,50,0,50,0,50,0,50,0,50,142,50,130,50,0,50,20,50,0,50,0,50,0,50,0,50,0,50,0,50
0,51,0,51,0,51,0,51,0,51,9,51,1276,51,9,51,0,51,0,51,0,51,0,51,0,51,0,51,0,51,0,51,0,51,0,51,0,51,19,51,19,51,9,51,0,51,0,51,0,51,0,51,2,51,0,51,0,51,0,51,0,51,0,51,0,51,0,51,0,51,0,51,0,51,0,51,0,51,0,51,0,51,4491,51,0,51,0,51,0,51,0,51,0,51,0,51,0,51,6917,51,0,51,0,51,0,51,0,51,0,51,4777,51,0,51,0,51,0,51,0,51,0,51,5061,51,0,51,0,51,0,51,0,51,6,51,9,51,0,51,0,51,0,51,0,51,0,51,0,51,0,51,0,51,0,51,0,51,0,51,0,51,0,51,0,51,0,51,0,51,0,51,0,51,0,51,0,51,0,51,0,51,19,51,19,51,0,51,126,51,0,51,0,51,0,51,0,51,0,51,0,51
0,52,0,52,0,52,0,52,0,52,10,52,1410,52,10,52,0,52,0,52,0,52,0,52,0,52,0,52,0,52,0,52,0,52,0,52,0,52,187,52,172,52,10,52,0,52,0,52,0,52,0,52,2,52,0,52,0,52,0,52,0,52,0,52,0,52,0,52,0,52,0,52,0,52,0,52,0,52,0,52,0,52,0,52,0,52,14798,52,0,52,0,52,0,52,0,52,0,52,0,52,0,52,0,52,0,52,0,52,0,52,5339,52,0,52,0,52,0,52,0,52,0,52,0,52,0,52,0,52,0,52,0,52,7,52,10,52,0,52,0,52,0,52,0,52,0,52,0,52,0,52,984,52,0,52,0,52,0,52,0,52,0,52,0,52,0,52,0,52,0,52,0,52,0,52,0,52,0,52,0,52,157,52,144,52,0,52,132,52,0,52,0,52,0,52,0,52,0,52,0,52
0,53,0,53,0,53,0,53,0,53,0,53,0,53,0,53,0,53,0,53,0,53,0,53,0,53,0,53,0,53,0,53,0,53,0,53,0,53,0,53,0,53,0,53,0,53,0,53,0,53,0,53,0,53,0,53,0,53,0,53,0,53,0,53,0,53,0,53,0,53,0,53,0,53,0,53,0,53,0,53,0,53,4917,53,0,53,0,53,0,53,0,53,0,53,0,53,0,53,5422,53,0,53,0,53,0,53,0,53,0,53,4396,53,0,53,0,53,0,53,0,53,0,53,0,53,0,53,0,53,0,53,0,53,5543,53,0,53,0,53,0,53,0,53,0,53,0,53,0,53,0,53,0,53,0,53,0,53,0,53,1088,53,0,53,0,53,0,53,0,53,0,53,0,53,0,53,0,53,0,53,0,53,0,53,0,53,0,53,0,53,0,53,0,53,0,53,0,53,0,53,0,53
0,54,0,54,0,54,0,54,0,54,10,54,1350,54,10,54,0,54,0,54,0,54,0,54,0,54,0,54,0,54,0,54,0,54,0,54,0,54,20,54,20,54,10,54,0,54,0,54,0,54,0,54,2,54,0,54,0,54,0,54,0,54,0,54,0,54,0,54,0,54,0,54,0,54,0,54,0,54,0,54,0,54,0,54,0,54,0,54,0,54,0,54,0,54,0,54,13758,54,0,54,0,54,0,54,0,54,0,54,0,54,0,54,0,54,0,54,0,54,0,54,0,54,0,54,0,54,0,54,0,54,0,54,6,54,10,54,0,54,0,54,0,54,3194,54,0,54,0,54,0,54,0,54,0,54,0,54,0,54,0,54,0,54,231,54,0,54,0,54,0,54,0,54,0,54,0,54,0,54,0,54,144,54,132,54,0,54,20,54,0,54,0,54,0,54,0,54,0,54,0,54
0,55,0,55,0,55,0,55,0,55,9,55,1297,55,9,55,0,55,0,55,0,55,0,55,0,55,0,55,0,55,0,55,0,55,0,55,0,55,160,55,146,55,9,55,0,55,0,55,0,55,0,55,2,55,0,55,0,55,0,55,0,55,0,55,0,55,0,55,0,55,0,55,0,55,0,55,0,55,0,55,0,55,0,55,0,55,14507,55,0,55,0,55,0,55,0,55,0,55,0,55,0,55,0,55,0,55,0,55,0,55,0,55,0,55,5558,55,0,55,0,55,0,55,0,55,0,55,0,55,0,55,0,55,6,55,9,55,0,55,0,55,0,55,0,55,0,55,0,55,0,55,0,55,0,55,0,55,0,55,0,55,0,55,0,55,0,55,0,55,0,55,0,55,0,55,0,55,0,55,0,55,134,55,19,55,0,55,123,55,0,55,0,55,0,55,0,55,0,55,0,55
0,56,0,56,0,56,0,56,0,56,226,56,918,56,25,56,0,56,0,56,0,56,0,56,0,56,0,56,0,56,0,56,0,56,0,56,0,56,34,56,34,56,195,56,4,56,4,56,0,56,0,56,181,56,17,56,0,56,0,56,0,56,3,56,0,56,0,56,0,56,0,56,0,56,0,56,0,56,0,56,0,56,0,56,0,56,8,56,0,56,0,56,0,56,11520,56,1347,56,0,56,0,56,0,56,0,56,0,56,0,56,0,56,0,56,5326,56,0,56,0,56,0,56,4,56,0,56,0,56,34,56,34,56,18,56,169,56,0,56,0,56,0,56,0,56,0,56,0,56,0,56,4,56,0,56,17,56,0,56,0,56,0,56,0,56,0,56,0,56,0,56,0,56,0,56,0,56,0,56,0,56,34,56,34,56,0,56,34,56,0,56,0,56,0,56,0,56,0,56,0,56
0,57,0,57,0,57,0,57,0,57,7,57,1044,57,7,57,0,57,0,57,0,57,0,57,0,57,0,57,0,57,0,57,0,57,0,57,0,57,15,57,15,57,7,57,0,57,0,57,0,57,0,57,1,57,0,57,0,57,0,57,0,57,0,57,0,57,0,57,0,57,0,57,0,57,0,57,0,57,0,57,0,57,0,57,0,57,0,57,0,57,0,57,0,57,0,57,14455,57,0,57,0,57,0,57,0,57,0,57,0,57,0,57,0,57,0,57,0,57,0,57,0,57,0,57,0,57,0,57,0,57,0,57,5,57,7,57,0,57,0,57,0,57,0,57,2675,57,0,57,0,57,0,57,0,57,0,57,0,57,0,57,0,57,0,57,0,57,0,57,0,57,0,57,0,57,0,57,0,57,0,57,15,57,15,57,0,57,15,57,0,57,0,57,0,57,0,57,0,57,0,57
0,58,0,58,0,58,0,58,0,58,247,58,1075,58,213,58,0,58,0,58,0,58,0,58,0,58,0,58,0,58,0,58,0,58,0,58,0,58,33,58,33,58,198,58,4,58,4,58,0,58,0,58,184,58,16,58,0,58,0,58,0,58,3,58,0,58,0,58,0,58,0,58,0,58,0,58,0,58,0,58,0,58,0,58,0,58,8,58,0,58,0,58,0,58,12175,58,1205,58,0,58,0,58,0,58,0,58,0,58,0,58,0,58,0,58,5225,58,0,58,0,58,0,58,4,58,0,58,0,58,33,58,33,58,171,58,24,58,0,58,0,58,0,58,0,58,0,58,0,58,0,58,4,58,0,58,16,58,0,58,0,58,0,58,0,58,0,58,0,58,0,58,0,58,0,58,0,58,0,58,0,58,33,58,33,58,0,58,33,58,0,58,0,58,0,58,0,58,0,58,0,58
0,59,0,59,0,59,0,59,0,59,0,59,0,59,0,59,0,59,0,59,0,59,0,59,0,59,0,59,0,59,0,59,0,59,0,59,0,59,0,59,0,59,0,59,0,59,0,59,0,59,0,59,0,59,0,59,0,59,0,59,0,59,0,59,0,59,0,59,0,59,0,59,0,59,0,59,0,59,0,59,0,59,0,59,0,59,0,59,0,59,0,59,0,59,10472,59,0,59,0,59,0,59,0,59,0,59,0,59,0,59,0,59,2304,59,0,59,0,59,0,59,0,59,0,59,0,59,0,59,0,59,0,59,4898,59,0,59,0,59,0,59,0,59,2765,59,0,59,0,59,0,59,0,59,0,59,0,59,0,59,0,59,0,59,0,59,0,59,0,59,0,59,0,59,0,59,0,59,0,59,0,59,0,59,0,59,0,59,0,59,0,59,0,59,0,59,0,59,0,59,0,59
0,60,0,60,0,60,0,60,0,60,0,60,0,60,0,60,0,60,0,60,0,60,0,60,0,60,0,60,0,60,0,60,0,60,0,60,0,60,0,60,0,60,0,60,0,60,0,60,0,60,0,60,0,60,0,60,0,60,0,60,0,60,0,60,0,60,0,60,0,60,0,60,0,60,0,60,0,60,0,60,0,60,0,60,0,60,0,60,0,60,0,60,0,60,10586,60,0,60,0,60,0,60,0,60,0,60,0,60,0,60,0,60,2274,60,0,60,0,60,0,60,0,60,0,60,0,60,0,60,0,60,0,60,4637,60,0,60,0,60,0,60,0,60,2528,60,0,60,0,60,0,60,0,60,0,60,0,60,0,60,0,60,0,60,0,60,0,60,0,60,0,60,0,60,0,60,0,60,0,60,0,60,0,60,0,60,0,60,0,60,0,60,0,60,0,60,0,60,0,60,0,60
0,61,0,61,0,61,0,61,0,61,10,61,1344,61,10,61,0,61,0,61,0,61,0,61,0,61,0,61,0,61,0,61,0,61,0,61,0,61,20,61,20,61,10,61,0,61,0,61,0,61,0,61,2,61,0,61,0,61,0,61,0,61,0,61,0,61,0,61,0,61,0,61,0,61,0,61,0,61,0,61,0,61,5172,61,0,61,0,61,0,61,0,61,0,61,0,61,0,61,6803,61,0,61,0,61,0,61,0,61,0,61,5805,61,0,61,0,61,0,61,0,61,0,61,5592,61,0,61,0,61,0,61,0,61,6,61,10,61,0,61,0,61,0,61,0,61,0,61,0,61,0,61,0,61,0,61,0,61,0,61,0,61,0,61,0,61,0,61,0,61,0,61,0,61,0,61,0,61,0,61,0,61,143,61,131,61,0,61,20,61,0,61,0,61,0,61,0,61,0,61,0,61
0,62,0,62,0,62,0,62,0,62,9,62,1317,62,9,62,0,62,0,62,0,62,0,62,0,62,0,62,0,62,0,62,0,62,0,62,0,62,19,62,19,62,9,62,0,62,0,62,0,62,0,62,2,62,0,62,0,62,0,62,0,62,0,62,0,62,0,62,0,62,0,62,0,62,0,62,0,62,0,62,0,62,0,62,0,62,0,62,0,62,0,62,0,62,0,62,14399,62,0,62,0,62,0,62,0,62,0,62,0,62,0,62,0,62,0,62,0,62,0,62,0,62,0,62,0,62,0,62,0,62,0,62,6,62,9,62,0,62,0,62,0,62,3966,62,0,62,0,62,0,62,0,62,0,62,0,62,0,62,0,62,0,62,129,62,0,62,0,62,0,62,0,62,0,62,0,62,0,62,0,62,140,62,128,62,0,62,19,62,0,62,0,62,0,62,0,62,0,62,0,62
0,63,0,63,0,63,0,63,0,63,33,63,1162,63,33,63,0,63,0,63,0,63,0,63,0,63,0,63,0,63,0,63,0,63,0,63,0,63,44,63,151,63,33,63,202,63,191,63,0,63,0,63,8,63,180,63,0,63,0,63,0,63,170,63,19591,63,0,63,0,63,0,63,0,63,0,63,0,63,0,63,0,63,0,63,0,63,161,63,0,63,0,63,0,63,0,63,1844,63,0,63,0,63,0,63,0,63,0,63,0,63,0,63,0,63,0,63,0,63,0,63,0,63,144,63,0,63,0,63,136,63,128,63,259,63,241,63,0,63,0,63,0,63,0,63,0,63,0,63,0,63,108,63,0,63,102,63,0,63,0,63,0,63,0,63,0,63,0,63,0,63,0,63,0,63,0,63,0,63,0,63,44,63,44,63,0,63,44,63,0,63,0,63,0,63,0,63,0,63,0,63
0,64,0,64,0,64,0,64,0,64,350,64,1140,64,304,64,0,64,0,64,0,64,0,64,0,64,0,64,0,64,0,64,0,64,0,64,0,64,39,64,39,64,283,64,156,64,147,64,0,64,0,64,247,64,131,64,0,64,0,64,0,64,4,64,21091,64,0,64,0,64,0,64,0,64,0,64,0,64,0,64,0,64,0,64,0,64,124,64,0,64,0,64,0,64,0,64,1616,64,0,64,0,64,0,64,0,64,0,64,0,64,0,64,0,64,0,64,0,64,0,64,0,64,117,64,0,64,0,64,39,64,110,64,203,64,190,64,0,64,0,64,0,64,0,64,0,64,0,64,0,64,5,64,0,64,19,64,0,64,0,64,0,64,0,64,0,64,0,64,0,64,0,64,0,64,0,64,0,64,0,64,39,64,39,64,0,64,39,64,0,64,0,64,0,64,0,64,0,64,0,64
0,65,0,65,0,65,0,65,0,65,329,65,1187,65,285,65,0,65,0,65,0,65,0,65,0,65,0,65,0,65,0,65,0,65,0,65,0,65,41,65,41,65,265,65,5,65,5,65,0,65,0,65,248,65,20,65,0,65,0,65,0,65,4,65,21714,65,0,65,0,65,0,65,0,65,0,65,0,65,0,65,0,65,0,65,0,65,10,65,0,65,0,65,0,65,0,65,1726,65,0,65,0,65,0,65,0,65,0,65,0,65,0,65,0,65,0,65,0,65,0,65,0,65,5,65,0,65,0,65,116,65,110,65,211,65,196,65,0,65,0,65,0,65,0,65,0,65,0,65,0,65,5,65,0,65,20,65,0,65,0,65,0,65,0,65,0,65,0,65,0,65,0,65,0,65,0,65,0,65,0,65,41,65,41,65,0,65,41,65,0,65,0,65,0,65,0,65,0,65,0,65
0,66,0,66,0,66,0,66,0,66,7,66,1060,66,7,66,0,66,0,66,0,66,0,66,0,66,0,66,0,66,0,66,0,66,0,66,0,66,15,66,15,66,7,66,0,66,0,66,0,66,0,66,1,66,0,66,0,66,0,66,0,66,27046,66,0,66,0,66,0,66,0,66,0,66,0,66,0,66,0,66,0,66,0,66,0,66,0,66,0,66,0,66,0,66,0,66,0,66,0,66,0,66,0,66,0,66,0,66,0,66,0,66,0,66,0,66,0,66,0,66,0,66,0,66,0,66,0,66,0,66,0,66,5,66,7,66,0,66,0,66,0,66,0,66,0,66,0,66,0,66,0,66,0,66,0,66,0,66,0,66,0,66,0,66,0,66,0,66,0,66,0,66,0,66,0,66,0,66,0,66,15,66,15,66,0,66,15,66,0,66,0,66,0,66,0,66,0,66,0,66
0,67,0,67,0,67,0,67,0,67,9,67,1255,67,9,67,0,67,0,67,0,67,0,67,0,67,0,67,0,67,0,67,0,67,0,67,0,67,18,67,18,67,9,67,0,67,0,67,0,67,0,67,2,67,0,67,0,67,0,67,0,67,25931,67,0,67,0,67,0,67,0,67,0,67,0,67,0,67,0,67,0,67,0,67,0,67,0,67,0,67,0,67,0,67,0,67,0,67,0,67,0,67,0,67,0,67,0,67,0,67,0,67,0,67,0,67,0,67,0,67,0,67,0,67,0,67,0,67,0,67,0,67,6,67,9,67,0,67,0,67,0,67,0,67,0,67,0,67,0,67,0,67,0,67,0,67,0,67,0,67,0,67,0,67,0,67,0,67,0,67,0,67,0,67,0,67,0,67,0,67,134,67,18,67,0,67,122,67,0,67,0,67,0,67,0,67,0,67,0,67
0,68,0,68,0,68,0,68,0,68,35,68,1274,68,35,68,0,68,0,68,0,68,0,68,0,68,0,68,0,68,0,68,0,68,0,68,0,68,193,68,177,68,35,68,185,68,175,68,0,68,0,68,9,68,165,68,0,68,0,68,23740,68,156,68,0,68,0,68,0,68,0,68,0,68,0,68,0,68,0,68,0,68,0,68,0,68,147,68,0,68,0,68,0,68,0,68,1841,68,0,68,0,68,2299,68,0,68,0,68,0,68,0,68,0,68,0,68,0,68,0,68,0,68,131,68,0,68,0,68,124,68,117,68,273,68,253,68,0,68,0,68,0,68,0,68,0,68,0,68,0,68,6,68,0,68,23,68,0,68,0,68,0,68,0,68,0,68,0,68,0,68,0,68,0,68,0,68,0,68,0,68,137,68,47,68,0,68,125,68,0,68,0,68,0,68,0,68,0,68,0,68
0,69,0,69,0,69,0,69,0,69,34,69,1321,69,34,69,0,69,0,69,0,69,0,69,0,69,0,69,0,69,0,69,0,69,0,69,0,69,211,69,194,69,34,69,175,69,165,69,0,69,0,69,9,69,156,69,0,69,30885,69,0,69,147,69,0,69,0,69,0,69,0,69,0,69,0,69,0,69,0,69,0,69,0,69,0,69,139,69,0,69,0,69,0,69,0,69,1738,69,0,69,0,69,0,69,0,69,0,69,0,69,0,69,0,69,0,69,0,69,0,69,0,69,124,69,0,69,0,69,117,69,110,69,281,69,262,69,0,69,0,69,0,69,0,69,0,69,0,69,0,69,6,69,0,69,23,69,0,69,0,69,0,69,0,69,0,69,0,69,0,69,0,69,0,69,0,69,0,69,0,69,149,69,137,69,0,69,125,69,0,69,0,69,0,69,0,69,0,69,0,69
0,70,0,70,0,70,0,70,0,70,223,70,1624,70,10,70,0,70,0,70,0,70,0,70,0,70,0,70,0,70,0,70,0,70,0,70,0,70,187,70,171,70,10,70,0,70,0,70,0,70,0,70,2,70,0,70,0,70,27999,70,0,70,0,70,0,70,0,70,0,70,0,70,0,70,0,70,0,70,0,70,0,70,0,70,0,70,0,70,0,70,0,70,0,70,0,70,0,70,0,70,0,70,0,70,0,70,0,70,0,70,0,70,0,70,0,70,0,70,0,70,0,70,0,70,0,70,0,70,0,70,0,70,7,70,10,70,0,70,0,70,0,70,0,70,0,70,0,70,0,70,0,70,0,70,5504,70,0,70,0,70,0,70,0,70,0,70,0,70,0,70,0,70,0,70,0,70,0,70,0,70,157,70,144,70,0,70,132,70,0,70,0,70,0,70,0,70,0,70,0,70
0,71,0,71,0,71,0,71,0,71,9,71,1320,71,9,71,0,71,0,71,0,71,0,71,0,71,0,71,0,71,0,71,0,71,0,71,0,71,19,71,151,71,9,71,0,71,0,71,0,71,0,71,2,71,0,71,33401,71,0,71,0,71,0,71,0,71,0,71,0,71,0,71,0,71,0,71,0,71,0,71,0,71,0,71,0,71,0,71,0,71,0,71,0,71,0,71,0,71,0,71,0,71,0,71,0,71,0,71,0,71,0,71,0,71,0,71,0,71,0,71,0,71,0,71,0,71,0,71,0,71,0,71,6,71,9,71,0,71,0,71,0,71,0,71,0,71,0,71,0,71,0,71,0,71,5365,71,0,71,0,71,0,71,0,71,0,71,0,71,0,71,0,71,0,71,0,71,0,71,0,71,139,71,127,71,0,71,19,71,0,71,0,71,0,71,0,71,0,71,0,71
0,72,0,72,0,72,0,72,0,72,35,72,1313,72,35,72,0,72,0,72,0,72,0,72,0,72,0,72,0,72,0,72,0,72,0,72,0,72,199,72,182,72,35,72,195,72,184,72,0,72,0,72,9,72,174,72,39973,72,0,72,0,72,164,72,0,72,0,72,0,72,0,72,0,72,0,72,0,72,0,72,0,72,0,72,0,72,155,72,0,72,0,72,0,72,0,72,1844,72,0,72,0,72,0,72,0,72,0,72,0,72,0,72,0,72,0,72,0,72,0,72,0,72,138,72,0,72,0,72,130,72,123,72,283,72,263,72,0,72,0,72,0,72,0,72,0,72,0,72,0,72,104,72,0,72,23,72,0,72,0,72,0,72,0,72,0,72,0,72,0,72,0,72,0,72,0,72,0,72,0,72,141,72,129,72,0,72,47,72,0,72,0,72,0,72,0,72,0,72,0,72
0,73,0,73,0,73,0,73,0,73,10,73,1394,73,10,73,0,73,0,73,0,73,0,73,0,73,0,73,0,73,0,73,0,73,0,73,0,73,172,73,157,73,10,73,0,73,0,73,0,73,0,73,2,73,0,73,39496,73,0,73,0,73,0,73,0,73,0,73,0,73,0,73,0,73,0,73,0,73,0,73,0,73,0,73,0,73,0,73,0,73,0,73,0,73,0,73,0,73,0,73,0,73,0,73,0,73,0,73,0,73,0,73,0,73,0,73,0,73,0,73,0,73,0,73,0,73,0,73,0,73,0,73,6,73,10,73,0,73,0,73,0,73,0,73,0,73,0,73,0,73,0,73,0,73,6241,73,0,73,0,73,0,73,0,73,0,73,0,73,0,73,0,73,0,73,0,73,0,73,0,73,144,73,132,73,0,73,20,73,0,73,0,73,0,73,0,73,0,73,0,73
0,74,0,74,0,74,0,74,0,74,64,74,1255,74,64,74,0,74,0,74,0,74,0,74,0,74,0,74,0,74,0,74,0,74,0,74,0,74,185,74,170,74,64,74,10,74,10,74,0,74,0,74,17,74,43,74,40968,74,0,74,0,74,9,74,0,74,0,74,0,74,0,74,0,74,0,74,0,74,0,74,0,74,0,74,0,74,21,74,0,74,0,74,0,74,0,74,4073,74,0,74,0,74,0,74,0,74,0,74,0,74,0,74,0,74,0,74,0,74,0,74,0,74,12,74,0,74,0,74,86,74,86,74,47,74,64,74,0,74,0,74,0,74,0,74,0,74,0,74,0,74,12,74,0,74,43,74,0,74,0,74,0,74,0,74,0,74,0,74,0,74,0,74,0,74,0,74,0,74,0,74,156,74,143,74,0,74,131,74,0,74,0,74,0,74,0,74,0,74,0,74
0,75,0,75,0,75,0,75,0,75,239,75,1626,75,201,75,0,75,0,75,0,75,0,75,0,75,0,75,0,75,0,75,0,75,0,75,0,75,184,75,169,75,10,75,0,75,0,75,0,75,0,75,2,75,18309,75,0,75,0,75,0,75,0,75,0,75,0,75,0,75,0,75,0,75,0,75,0,75,0,75,14931,75,0,75,0,75,0,75,0,75,0,75,0,75,0,75,0,75,16558,75,0,75,0,75,0,75,0,75,0,75,0,75,0,75,0,75,0,75,0,75,0,75,0,75,0,75,0,75,0,75,0,75,7,75,10,75,0,75,0,75,0,75,0,75,0,75,0,75,0,75,2453,75,0,75,0,75,0,75,0,75,0,75,0,75,0,75,0,75,0,75,0,75,0,75,0,75,0,75,0,75,155,75,142,75,0,75,130,75,0,75,0,75,0,75,0,75,0,75,0,75
0,76,0,76,77459,76,0,76,0,76,30,76,3897,76,30,76,0,76,0,76,0,76,0,76,0,76,0,76,0,76,0,76,0,76,0,76,0,76,60,76,60,76,30,76,0,76,0,76,0,76,0,76,6,76,0,76,0,76,0,76,0,76,0,76,0,76,0,76,0,76,0,76,0,76,0,76,19898,76,0,76,0,76,0,76,0,76,0,76,0,76,0,76,0,76,0,76,0,76,0,76,4665,76,0,76,0,76,0,76,0,76,0,76,0,76,0,76,7275,76,0,76,0,76,0,76,0,76,0,76,0,76,10826,76,20,76,30,76,0,76,0,76,0,76,0,76,0,76,0,76,0,76,0,76,0,76,0,76,0,76,0,76,887,76,0,76,0,76,0,76,0,76,0,76,0,76,0,76,0,76,0,76,60,76,60,76,0,76,60,76,0,76,0,76,0,76,0,76,0,76,0,76
0,77,92159,77,0,77,0,77,0,77,0,77,0,77,0,77,0,77,0,77,0,77,0,77,0,77,0,77,0,77,0,77,0,77,0,77,0,77,0,77,0,77,0,77,0,77,0,77,0,77,0,77,0,77,0,77,0,77,0,77,0,77,0,77,0,77,0,77,0,77,0,77,0,77,0,77,22748,77,0,77,0,77,0,77,0,77,0,77,0,77,0,77,0,77,0,77,0,77,0,77,0,77,0,77,0,77,0,77,0,77,0,77,0,77,0,77,0,77,6692,77,0,77,0,77,0,77,1412,77,0,77,12217,77,0,77,0,77,0,77,0,77,0,77,0,77,0,77,0,77,0,77,0,77,0,77,0,77,0,77,0,77,0,77,0,77,0,77,0,77,0,77,0,77,0,77,0,77,0,77,0,77,8246,77,0,77,0,77,0,77,0,77,0,77,0,77,0,77,0,77,0,77
113085,78,0,78,0,78,0,78,0,78,34,78,4334,78,34,78,0,78,0,78,0,78,0,78,0,78,0,78,0,78,0,78,0,78,0,78,0,78,68,78,68,78,34,78,0,78,0,78,0,78,0,78,7,78,0,78,0,78,0,78,0,78,0,78,0,78,0,78,0,78,0,78,0,78,0,78,26192,78,0,78,0,78,0,78,0,78,0,78,0,78,0,78,0,78,0,78,0,78,0,78,0,78,0,78,0,78,0,78,0,78,0,78,0,78,0,78,0,78,0,78,5258,78,0,78,0,78,1281,78,0,78,13512,78,22,78,34,78,0,78,0,78,0,78,0,78,0,78,0,78,0,78,0,78,0,78,0,78,0,78,0,78,0,78,0,78,0,78,0,78,0,78,0,78,0,78,0,78,0,78,0,78,68,78,68,78,0,78,68,78,0,78,0,78,0,78,0,78,0,78,0,78
0,79,0,79,0,79,73495,79,0,79,0,79,0,79,0,79,0,79,0,79,0,79,0,79,0,79,0,79,0,79,0,79,0,79,0,79,0,79,0,79,0,79,24660,79,0,79,0,79,0,79,0,79,0,79,0,79,0,79,0,79,0,79,0,79,0,79,0,79,0,79,0,79,0,79,0,79,22154,79,0,79,0,79,0,79,0,79,0,79,0,79,0,79,0,79,0,79,0,79,0,79,0,79,0,79,0,79,0,79,0,79,0,79,0,79,0,79,0,79,7229,79,0,79,0,79,0,79,0,79,0,79,0,79,0,79,0,79,0,79,0,79,0,79,0,79,0,79,0,79,0,79,0,79,0,79,0,79,0,79,1153,79,0,79,0,79,0,79,0,79,0,79,0,79,0,79,0,79,0,79,0,79,0,79,0,79,0,79,0,79,0,79,0,79,0,79,0,79,0,79,0,79
0,80,84947,80,0,80,0,80,0,80,0,80,0,80,0,80,0,80,0,80,0,80,0,80,0,80,0,80,0,80,0,80,0,80,0,80,0,80,0,80,0,80,0,80,0,80,0,80,0,80,0,80,0,80,0,80,0,80,0,80,0,80,0,80,0,80,0,80,0,80,0,80,0,80,0,80,17607,80,0,80,0,80,0,80,0,80,0,80,0,80,0,80,0,80,0,80,0,80,0,80,0,80,0,80,0,80,0,80,0,80,0,80,0,80,0,80,0,80,6569,80,0,80,0,80,0,80,0,80,0,80,12477,80,0,80,0,80,0,80,0,80,0,80,0,80,0,80,0,80,0,80,0,80,0,80,0,80,0,80,0,80,764,80,0,80,0,80,0,80,0,80,0,80,0,80,0,80,0,80,0,80,0,80,6172,80,0,80,0,80,0,80,0,80,0,80,0,80,0,80,0,80
0,81,86851,81,0,81,0,81,0,81,0,81,0,81,0,81,0,81,0,81,0,81,0,81,0,81,0,81,0,81,0,81,0,81,0,81,0,81,0,81,0,81,0,81,0,81,0,81,0,81,0,81,0,81,0,81,0,81,0,81,0,81,0,81,0,81,0,81,0,81,0,81,0,81,0,81,0,81,15697,81,0,81,0,81,0,81,0,81,0,81,0,81,0,81,0,81,0,81,0,81,0,81,0,81,0,81,0,81,0,81,0,81,0,81,0,81,0,81,0,81,5944,81,0,81,0,81,1341,81,17303,81,0,81,0,81,0,81,0,81,0,81,0,81,0,81,0,81,0,81,0,81,0,81,0,81,0,81,0,81,0,81,0,81,0,81,0,81,0,81,0,81,0,81,0,81,0,81,0,81,0,81,0,81,0,81,0,81,5456,81,0,81,0,81,0,81,0,81,0,81,0,81
0,82,0,82,0,82,0,82,0,82,0,82,0,82,0,82,0,82,0,82,0,82,0,82,0,82,0,82,0,82,0,82,0,82,0,82,0,82,0,82,0,82,0,82,89197,82,0,82,0,82,0,82,0,82,0,82,0,82,0,82,0,82,0,82,0,82,0,82,0,82,0,82,0,82,0,82,0,82,0,82,0,82,0,82,0,82,0,82,0,82,9738,82,0,82,0,82,0,82,0,82,0,82,0,82,0,82,0,82,0,82,0,82,0,82,0,82,0,82,0,82,0,82,0,82,0,82,0,82,0,82,0,82,0,82,0,82,0,82,0,82,0,82,0,82,0,82,0,82,0,82,0,82,0,82,0,82,0,82,0,82,0,82,0,82,0,82,0,82,0,82,0,82,0,82,0,82,0,82,0,82,0,82,0,82,0,82,5233,82,0,82,0,82,0,82,0,82,0,82,0,82
0,83,0,83,0,83,0,83,0,83,0,83,0,83,0,83,0,83,0,83,0,83,0,83,0,83,0,83,0,83,0,83,0,83,0,83,0,83,0,83,0,83,0,83,0,83,75841,83,0,83,0,83,0,83,0,83,0,83,0,83,0,83,0,83,0,83,0,83,0,83,0,83,0,83,0,83,0,83,0,83,0,83,0,83,0,83,0,83,0,83,10783,83,0,83,0,83,0,83,0,83,0,83,0,83,0,83,0,83,0,83,0,83,0,83,0,83,0,83,0,83,0,83,0,83,0,83,0,83,0,83,0,83,0,83,0,83,0,83,0,83,0,83,0,83,0,83,0,83,0,83,0,83,0,83,0,83,0,83,0,83,0,83,0,83,0,83,0,83,0,83,0,83,0,83,0,83,0,83,0,83,0,83,0,83,0,83,5041,83,0,83,0,83,0,83,0,83,0,83,0,83
0,84,0,84,70832,84,0,84,0,84,0,84,0,84,0,84,0,84,0,84,0,84,0,84,0,84,0,84,0,84,0,84,0,84,0,84,0,84,0,84,0,84,0,84,0,84,0,84,0,84,0,84,0,84,0,84,0,84,0,84,0,84,0,84,0,84,0,84,0,84,0,84,0,84,0,84,0,84,0,84,16270,84,0,84,0,84,0,84,0,84,0,84,0,84,0,84,0,84,0,84,0,84,0,84,0,84,0,84,0,84,0,84,0,84,0,84,0,84,0,84,5321,84,0,84,0,84,0,84,0,84,0,84,17278,84,0,84,0,84,0,84,0,84,0,84,0,84,0,84,0,84,0,84,0,84,0,84,0,84,0,84,0,84,0,84,0,84,0,84,0,84,0,84,0,84,0,84,0,84,0,84,0,84,0,84,0,84,0,84,0,84,0,84,0,84,0,84,0,84,0,84
0,85,0,85,0,85,0,85,77403,85,0,85,0,85,0,85,0,85,0,85,0,85,0,85,0,85,0,85,0,85,0,85,0,85,0,85,0,85,0,85,0,85,0,85,0,85,0,85,0,85,0,85,0,85,0,85,0,85,0,85,0,85,0,85,0,85,0,85,0,85,0,85,0,85,0,85,0,85,15874,85,0,85,0,85,0,85,0,85,0,85,0,85,0,85,0,85,0,85,0,85,0,85,0,85,0,85,0,85,0,85,0,85,0,85,0,85,0,85,0,85,0,85,0,85,0,85,0,85,0,85,12916,85,0,85,0,85,0,85,0,85,0,85,0,85,0,85,0,85,0,85,0,85,0,85,0,85,0,85,1115,85,0,85,0,85,0,85,0,85,0,85,0,85,0,85,0,85,0,85,0,85,0,85,7196,85,0,85,0,85,0,85,0,85,0,85,0,85,0,85,0,85
0,86,0,86,0,86,0,86,0,86,0,86,0,86,0,86,0,86,0,86,0,86,0,86,0,86,0,86,0,86,0,86,0,86,0,86,0,86,0,86,0,86,0,86,86212,86,0,86,0,86,0,86,0,86,0,86,0,86,0,86,0,86,0,86,0,86,0,86,0,86,0,86,0,86,0,86,0,86,16024,86,0,86,0,86,0,86,0,86,0,86,0,86,0,86,0,86,0,86,0,86,0,86,0,86,0,86,0,86,0,86,0,86,0,86,0,86,0,86,0,86,0,86,0,86,0,86,0,86,0,86,0,86,0,86,0,86,0,86,0,86,0,86,0,86,0,86,0,86,0,86,0,86,0,86,0,86,0,86,0,86,0,86,0,86,0,86,0,86,0,86,0,86,0,86,0,86,0,86,0,86,0,86,0,86,0,86,5453,86,0,86,0,86,0,86,0,86,0,86,0,86
0,87,0,87,67048,87,0,87,0,87,0,87,0,87,0,87,0,87,0,87,0,87,0,87,0,87,0,87,0,87,0,87,0,87,0,87,0,87,0,87,0,87,0,87,0,87,0,87,0,87,0,87,0,87,0,87,0,87,0,87,0,87,0,87,0,87,0,87,0,87,0,87,0,87,0,87,0,87,0,87,21314,87,0,87,0,87,0,87,0,87,0,87,0,87,0,87,0,87,0,87,0,87,0,87,0,87,0,87,0,87,0,87,0,87,0,87,0,87,0,87,0,87,18624,87,0,87,0,87,0,87,0,87,0,87,0,87,0,87,0,87,0,87,0,87,0,87,0,87,0,87,0,87,0,87,0,87,0,87,0,87,0,87,0,87,0,87,0,87,0,87,0,87,0,87,0,87,0,87,0,87,0,87,6147,87,0,87,0,87,0,87,0,87,0,87,0,87,0,87,0,87
0,88,0,88,0,88,0,88,0,88,0,88,0,88,0,88,0,88,0,88,0,88,0,88,0,88,0,88,0,88,0,88,0,88,0,88,0,88,0,88,0,88,0,88,0,88,83897,88,0,88,0,88,0,88,0,88,0,88,0,88,0,88,0,88,0,88,0,88,0,88,0,88,0,88,0,88,0,88,0,88,0,88,0,88,0,88,0,88,0,88,14379,88,0,88,0,88,0,88,0,88,0,88,0,88,0,88,0,88,0,88,0,88,0,88,0,88,0,88,0,88,0,88,0,88,0,88,0,88,0,88,0,88,0,88,0,88,0,88,0,88,0,88,0,88,0,88,0,88,0,88,0,88,0,88,0,88,0,88,0,88,0,88,0,88,0,88,0,88,0,88,0,88,0,88,0,88,0,88,0,88,8614,88,0,88,0,88,0,88,0,88,0,88,0,88,0,88,0,88,0,88
0,89,0,89,0,89,0,89,0,89,0,89,0,89,0,89,0,89,0,89,0,89,0,89,0,89,0,89,0,89,0,89,0,89,0,89,0,89,0,89,0,89,0,89,0,89,81839,89,0,89,0,89,0,89,0,89,0,89,0,89,0,89,0,89,0,89,0,89,0,89,0,89,0,89,0,89,0,89,0,89,0,89,0,89,0,89,0,89,0,89,10293,89,0,89,0,89,0,89,0,89,0,89,0,89,0,89,0,89,0,89,0,89,0,89,0,89,0,89,0,89,0,89,0,89,0,89,0,89,0,89,0,89,0,89,0,89,0,89,0,89,0,89,0,89,0,89,0,89,0,89,0,89,0,89,0,89,0,89,0,89,0,89,0,89,0,89,0,89,0,89,0,89,0,89,0,89,0,89,0,89,8424,89,0,89,0,89,0,89,0,89,0,89,0,89,0,89,0,89,0,89
0,90,0,90,0,90,0,90,0,90,0,90,0,90,0,90,0,90,0,90,0,90,0,90,0,90,0,90,0,90,0,90,0,90,0,90,0,90,0,90,0,90,0,90,0,90,80153,90,0,90,0,90,0,90,0,90,0,90,0,90,0,90,0,90,0,90,0,90,0,90,0,90,0,90,0,90,0,90,0,90,0,90,0,90,0,90,0,90,0,90,10704,90,0,90,0,90,0,90,0,90,0,90,0,90,0,90,0,90,0,90,0,90,0,90,0,90,0,90,0,90,0,90,0,90,0,90,0,90,0,90,0,90,0,90,0,90,0,90,0,90,0,90,0,90,0,90,0,90,0,90,0,90,0,90,0,90,0,90,0,90,0,90,0,90,0,90,0,90,0,90,0,90,0,90,0,90,0,90,0,90,8276,90,0,90,0,90,0,90,0,90,0,90,0,90,0,90,0,90,0,90
0,91,0,91,0,91,0,91,0,91,0,91,0,91,0,91,0,91,0,91,0,91,0,91,0,91,0,91,0,91,0,91,0,91,0,91,0,91,0,91,0,91,28151,91,0,91,0,91,74553,91,0,91,0,91,0,91,0,91,0,91,0,91,0,91,0,91,0,91,0,91,0,91,0,91,0,91,0,91,0,91,0,91,0,91,0,91,0,91,0,91,0,91,0,91,0,91,0,91,0,91,0,91,0,91,0,91,0,91,0,91,0,91,0,91,0,91,0,91,0,91,0,91,0,91,0,91,0,91,0,91,0,91,0,91,0,91,0,91,0,91,0,91,0,91,0,91,0,91,0,91,0,91,0,91,0,91,0,91,0,91,0,91,0,91,0,91,7108,91,0,91,0,91,0,91,0,91,0,91,0,91,0,91,0,91,0,91,0,91,0,91,0,91,0,91,0,91,0,91,0,91
0,92,0,92,0,92,73069,92,0,92,0,92,0,92,0,92,0,92,0,92,0,92,0,92,0,92,0,92,0,92,0,92,0,92,0,92,0,92,0,92,11021,92,0,92,0,92,0,92,0,92,0,92,0,92,0,92,0,92,0,92,0,92,0,92,0,92,0,92,0,92,0,92,0,92,0,92,0,92,0,92,0,92,0,92,0,92,0,92,0,92,0,92,0,92,0,92,0,92,0,92,0,92,0,92,0,92,0,92,0,92,0,92,0,92,0,92,0,92,0,92,0,92,25803,92,0,92,0,92,0,92,0,92,0,92,0,92,0,92,0,92,0,92,0,92,0,92,0,92,0,92,0,92,0,92,0,92,0,92,0,92,0,92,0,92,9239,92,0,92,0,92,0,92,0,92,0,92,0,92,0,92,0,92,0,92,0,92,0,92,0,92,0,92,0,92,0,92,0,92,0,92
0,93,0,93,0,93,0,93,0,93,0,93,0,93,0,93,0,93,0,93,0,93,0,93,0,93,0,93,0,93,0,93,0,93,0,93,0,93,13111,93,0,93,0,93,97655,93,0,93,0,93,0,93,0,93,0,93,0,93,0,93,0,93,0,93,0,93,0,93,0,93,0,93,0,93,0,93,0,93,0,93,0,93,0,93,0,93,0,93,0,93,0,93,0,93,0,93,0,93,0,93,0,93,0,93,0,93,0,93,0,93,0,93,0,93,0,93,0,93,0,93,0,93,0,93,0,93,0,93,0,93,0,93,0,93,0,93,0,93,0,93,0,93,0,93,0,93,0,93,0,93,0,93,0,93,0,93,0,93,0,93,0,93,0,93,8566,93,0,93,0,93,0,93,0,93,0,93,0,93,0,93,0,93,0,93,0,93,0,93,0,93,0,93,0,93,0,93,0,93,0,93
0,94,0,94,0,94,0,94,77861,94,0,94,0,94,0,94,0,94,0,94,0,94,0,94,0,94,0,94,0,94,0,94,0,94,0,94,0,94,12243,94,0,94,0,94,0,94,0,94,0,94,0,94,0,94,0,94,0,94,0,94,0,94,0,94,0,94,0,94,0,94,0,94,0,94,0,94,0,94,0,94,0,94,0,94,0,94,0,94,0,94,0,94,0,94,0,94,0,94,0,94,0,94,0,94,0,94,0,94,0,94,0,94,0,94,0,94,0,94,0,94,0,94,0,94,0,94,0,94,23798,94,0,94,0,94,0,94,0,94,0,94,0,94,0,94,0,94,0,94,0,94,0,94,0,94,0,94,0,94,0,94,1050,94,0,94,0,94,6471,94,0,94,0,94,0,94,0,94,0,94,0,94,0,94,0,94,0,94,0,94,0,94,0,94,0,94,0,94,0,94,0,94
0,95,0,95,0,95,0,95,0,95,0,95,0,95,0,95,0,95,0,95,0,95,0,95,0,95,0,95,0,95,0,95,0,95,0,95,0,95,0,95,0,95,0,95,91464,95,0,95,0,95,0,95,0,95,0,95,0,95,0,95,0,95,0,95,0,95,0,95,0,95,0,95,0,95,0,95,0,95,0,95,0,95,0,95,0,95,0,95,0,95,0,95,0,95,0,95,0,95,0,95,0,95,0,95,0,95,0,95,0,95,0,95,0,95,0,95,0,95,0,95,0,95,0,95,0,95,0,95,0,95,0,95,0,95,0,95,0,95,0,95,0,95,0,95,0,95,0,95,0,95,0,95,0,95,0,95,0,95,0,95,0,95,0,95,0,95,0,95,5966,95,0,95,0,95,0,95,0,95,0,95,7408,95,0,95,0,95,0,95,0,95,0,95,0,95,0,95,0,95,0,95
0,96,0,96,0,96,0,96,78086,96,0,96,0,96,0,96,0,96,0,96,0,96,0,96,0,96,0,96,0,96,0,96,0,96,0,96,0,96,0,96,11043,96,0,96,0,96,0,96,0,96,0,96,0,96,0,96,0,96,0,96,0,96,0,96,0,96,0,96,0,96,0,96,0,96,0,96,0,96,0,96,0,96,0,96,0,96,0,96,0,96,0,96,0,96,0,96,0,96,0,96,0,96,0,96,0,96,0,96,0,96,0,96,0,96,0,96,0,96,0,96,0,96,0,96,0,96,0,96,19941,96,0,96,0,96,0,96,0,96,0,96,0,96,0,96,8777,96,0,96,0,96,0,96,0,96,0,96,0,96,0,96,0,96,0,96,0,96,0,96,0,96,0,96,0,96,0,96,0,96,0,96,0,96,0,96,0,96,0,96,0,96,0,96,0,96,0,96,0,96,0,96
0,97,0,97,0,97,0,97,0,97,0,97,0,97,0,97,0,97,0,97,0,97,0,97,0,97,0,97,0,97,0,97,0,97,0,97,0,97,0,97,0,97,34072,97,0,97,0,97,76932,97,0,97,0,97,0,97,0,97,0,97,0,97,0,97,0,97,0,97,0,97,0,97,0,97,0,97,0,97,0,97,0,97,0,97,0,97,0,97,0,97,0,97,0,97,0,97,0,97,0,97,0,97,0,97,0,97,0,97,0,97,0,97,0,97,0,97,0,97,0,97,0,97,0,97,0,97,0,97,0,97,0,97,0,97,0,97,0,97,0,97,0,97,0,97,0,97,0,97,0,97,0,97,0,97,0,97,0,97,0,97,0,97,0,97,8638,97,0,97,0,97,0,97,0,97,0,97,0,97,0,97,0,97,0,97,0,97,0,97,0,97,0,97,0,97,0,97,0,97,0,97
0,98,86653,98,0,98,0,98,0,98,0,98,0,98,0,98,0,98,0,98,0,98,0,98,0,98,0,98,0,98,0,98,0,98,0,98,0,98,13653,98,0,98,0,98,0,98,0,98,0,98,0,98,0,98,0,98,0,98,0,98,0,98,0,98,0,98,0,98,0,98,0,98,0,98,0,98,0,98,14553,98,0,98,0,98,0,98,0,98,0,98,0,98,0,98,0,98,0,98,0,98,0,98,0,98,0,98,0,98,0,98,0,98,0,98,0,98,0,98,6164,98,0,98,0,98,2051,98,0,98,20579,98,0,98,0,98,0,98,0,98,0,98,0,98,0,98,0,98,0,98,0,98,0,98,0,98,0,98,0,98,0,98,0,98,0,98,0,98,0,98,0,98,0,98,0,98,0,98,0,98,0,98,0,98,0,98,0,98,0,98,0,98,0,98,0,98,0,98,0,98,0,98
0,99,89493,99,0,99,0,99,0,99,0,99,0,99,0,99,0,99,0,99,0,99,0,99,0,99,0,99,0,99,0,99,0,99,0,99,0,99,0,99,0,99,34267,99,0,99,0,99,0,99,0,99,0,99,0,99,0,99,0,99,0,99,0,99,0,99,0,99,0,99,0,99,0,99,0,99,0,99,16813,99,0,99,0,99,0,99,0,99,0,99,0,99,0,99,0,99,0,99,0,99,0,99,0,99,0,99,0,99,0,99,0,99,0,99,0,99,7335,99,0,99,0,99,0,99,0,99,1301,99,0,99,0,99,0,99,0,99,0,99,0,99,0,99,0,99,0,99,0,99,0,99,0,99,0,99,0,99,0,99,0,99,0,99,0,99,0,99,0,99,0,99,0,99,0,99,0,99,0,99,0,99,0,99,0,99,0,99,0,99,0,99,0,99,0,99,0,99,0,99,0,99
0,100,0,100,0,100,0,100,80876,100,0,100,0,100,37008,100,0,100,0,100,0,100,0,100,0,100,0,100,0,100,0,100,0,100,0,100,0,100,0,100,0,100,0,100,0,100,0,100,0,100,0,100,0,100,0,100,0,100,0,100,0,100,0,100,0,100,0,100,0,100,0,100,0,100,0,100,0,100,0,100,0,100,0,100,0,100,0,100,0,100,0,100,0,100,0,100,0,100,0,100,0,100,0,100,0,100,0,100,0,100,0,100,0,100,0,100,0,100,0,100,0,100,0,100,2566,100,0,100,0,100,0,100,0,100,0,100,0,100,0,100,0,100,0,100,0,100,0,100,0,100,0,100,0,100,0,100,0,100,0,100,0,100,0,100,0,100,7000,100,0,100,0,100,0,100,0,100,0,100,0,100,0,100,0,100,0,100,0,100,0,100,0,100,0,100,0,100,0,100,0,100
